,AAPL,AMGN,AXP,BA,CAT,CRM,CSCO,CVX,GS,HD,HON,IBM,JNJ,JPM,KO,MCD,MMM,MRK,MSFT,NKE,PG,TRV,UNH,V,VZ,WBA,WMT
2021-12-13,173.75473022460938,198.05307006835938,158.85960388183594,197.39999389648438,192.6833953857422,265.760009765625,55.13622283935547,107.6223373413086,363.240478515625,384.5929260253906,200.5612030029297,111.26210021972656,159.30340576171875,148.6568145751953,54.384464263916016,251.62994384765625,157.9310302734375,69.04322052001953,333.29400634765625,162.9601287841797,150.04159545898438,147.41282653808594,465.0920104980469,207.7856903076172,44.40875244140625,43.81515884399414,139.74163818359375
2021-12-14,172.36065673828125,200.25482177734375,158.4218292236328,195.5,193.05679321289062,255.58999633789062,54.34599685668945,107.93811798095703,367.1878967285156,381.707763671875,198.11685180664062,112.33314514160156,161.04351806640625,149.79588317871094,54.42212677001953,251.08474731445312,158.05770874023438,69.9830322265625,322.4329833984375,161.55360412597656,150.59352111816406,150.8291473388672,466.3759460449219,206.76162719726562,44.73555374145508,43.97565460205078,141.07508850097656
2021-12-15,177.27452087402344,205.4171905517578,157.82843017578125,195.42999267578125,193.9280548095703,260.0400085449219,56.37798309326172,107.32514953613281,368.2172546386719,387.0319519042969,201.0692596435547,111.74315643310547,161.8473663330078,148.67568969726562,54.666934967041016,252.99765014648438,159.01658630371094,71.47344970703125,328.6294250488281,160.0884552001953,151.17404174804688,152.40740966796875,480.8887634277344,209.05592346191406,44.64722442626953,44.278812408447266,141.88296508789062
2021-12-16,170.31402587890625,208.53707885742188,158.5677490234375,190.7899932861328,197.39395141601562,253.1199951171875,56.7354621887207,108.32817840576172,375.26220703125,379.173828125,200.92547607421875,114.30279541015625,163.61581420898438,151.0008087158203,55.22245407104492,253.98275756835938,161.30531311035156,72.06201171875,319.05487060546875,158.93594360351562,153.31517028808594,155.91998291015625,479.4102478027344,211.0843505859375,46.590328216552734,43.92216110229492,139.5177459716797
2021-12-17,169.20669555664062,208.4621124267578,155.65907287597656,192.6300048828125,192.79827880859375,252.92999267578125,56.87657165527344,105.50482177734375,360.5584411621094,368.2122802734375,196.66940307617188,115.63705444335938,159.09539794921875,147.5648956298828,54.35621643066406,250.3004913330078,158.08480834960938,71.85317993164062,317.9746398925781,157.6075439453125,149.84173583984375,152.23419189453125,473.8268737792969,208.63250732421875,46.96128463745117,43.55658721923828,135.05015563964844
2021-12-20,167.8323974609375,206.11050415039062,151.65109252929688,188.47999572753906,187.13986206054688,247.2100067138672,56.78249740600586,105.55125427246094,350.93536376953125,369.5599365234375,191.56985473632812,115.32846069335938,158.64146423339844,144.9103240966797,54.17732238769531,250.32920837402344,156.176025390625,72.53667449951172,314.15460205078125,153.32937622070312,150.22239685058594,147.7496337890625,470.5294189453125,205.54066467285156,46.89063262939453,43.538761138916016,135.4881591796875
2021-12-21,171.0358123779297,206.98182678222656,156.5345916748047,199.52000427246094,189.8685302734375,252.5500030517578,57.41278839111328,107.24156188964844,359.1607971191406,370.575439453125,193.31442260742188,117.06210327148438,158.13076782226562,146.93417358398438,54.39387893676758,252.8733367919922,156.42933654785156,71.71077728271484,321.4018859863281,162.7550048828125,150.12721252441406,149.6647186279297,473.9143981933594,212.07887268066406,46.61682891845703,44.54630661010742,135.89695739746094
2021-12-22,173.65585327148438,207.55331420898438,158.05213928222656,201.69000244140625,193.5450897216797,252.8000030517578,57.883148193359375,107.85452270507812,361.0589599609375,375.48199462890625,193.47740173339844,117.77008819580078,158.8116455078125,147.50840759277344,54.77992248535156,253.3993377685547,156.176025390625,72.2993392944336,327.20556640625,161.59266662597656,151.61178588867188,148.86593627929688,480.6455993652344,214.6193389892578,46.607994079589844,44.94754409790039,136.07215881347656
2021-12-23,174.2886199951172,209.67074584960938,159.7253875732422,204.22000122070312,197.42266845703125,253.13999938964844,58.58869552612305,108.11457824707031,363.6181945800781,376.8391418457031,196.7173614501953,118.56884765625,159.1143035888672,148.03555297851562,54.81758499145508,254.3654022216797,158.28382873535156,71.89115142822266,328.66876220703125,161.81732177734375,152.35403442382812,148.82745361328125,481.8614501953125,213.29986572265625,46.528507232666016,45.00995635986328,135.7704620361328
2021-12-24,174.2886199951172,209.67074584960938,159.7253875732422,204.22000122070312,197.42266845703125,253.13999938964844,58.58869552612305,108.11457824707031,363.6181945800781,376.8391418457031,196.7173614501953,118.56884765625,159.1143035888672,148.03555297851562,54.81758499145508,254.3654022216797,158.28382873535156,71.89115142822266,328.66876220703125,161.81732177734375,152.35403442382812,148.82745361328125,481.8614501953125,213.29986572265625,46.528507232666016,45.00995635986328,135.7704620361328
2021-12-27,178.29286193847656,210.9636688232422,159.91995239257812,203.1699981689453,197.59503173828125,258.29998779296875,59.6611328125,110.32498168945312,366.4513854980469,383.50146484375,197.877197265625,119.46742248535156,160.4571990966797,148.88275146484375,55.22245407104492,256.5556335449219,159.84884643554688,72.68856048583984,336.2891540527344,163.68292236328125,154.13352966308594,150.16513061523438,485.8690490722656,214.2943878173828,46.528507232666016,45.23286437988281,137.0065460205078
2021-12-28,177.26461791992188,211.52581787109375,159.9394073486328,206.1300048828125,197.82479858398438,255.4499969482422,59.764610290527344,110.11136627197266,366.04522705078125,385.52301025390625,198.47152709960938,120.38417053222656,161.10028076171875,149.33460998535156,55.43901062011719,256.2113037109375,160.69920349121094,72.91638946533203,335.1107177734375,162.54986572265625,154.9614715576172,151.20448303222656,489.21514892578125,214.70791625976562,46.56383514404297,45.85702133178711,138.9727020263672
2021-12-29,177.3536376953125,213.24037170410156,159.3751983642578,203.66000366210938,198.50457763671875,254.5399932861328,60.16912841796875,109.54483032226562,364.713623046875,389.9075622558594,198.931640625,121.03770446777344,162.23509216308594,149.2593231201172,55.50492477416992,256.79473876953125,161.3957977294922,73.0492935180664,335.79815673828125,164.85498046875,156.2461395263672,151.57015991210938,491.7831726074219,214.8260955810547,46.24587631225586,46.58816146850586,138.90455627441406
2021-12-30,176.1869354248047,212.18165588378906,159.6962127685547,202.7100067138672,197.30780029296875,255.3300018310547,59.84928512573242,109.06189727783203,364.07147216796875,389.0534362792969,198.52902221679688,121.5459976196289,162.95384216308594,149.18399047851562,55.34485626220703,255.57046508789062,160.69920349121094,73.22966766357422,333.2154235839844,163.59500122070312,154.89483642578125,150.9061279296875,490.6644592285156,214.53070068359375,46.148719787597656,46.35633850097656,139.35227966308594
2021-12-31,175.56405639648438,210.77630615234375,159.1514434814453,201.32000732421875,197.93971252441406,254.1300048828125,59.614097595214844,108.98757934570312,361.2667236328125,393.8651123046875,199.8710174560547,121.31907653808594,161.7811737060547,149.06163024902344,55.749725341796875,256.3930358886719,160.690185546875,72.75501251220703,330.2694396972656,162.7940673828125,155.66566467285156,150.54046630859375,488.43701171875,213.3884735107422,45.892574310302734,46.507911682128906,140.83175659179688
2022-01-03,179.95388793945312,212.3877716064453,163.63609313964844,207.86000061035156,198.18862915039062,255.4600067138672,59.416542053222656,110.76148223876953,373.3356628417969,387.8196716308594,198.23190307617188,123.47931671142578,162.22564697265625,152.21511840820312,55.83446502685547,256.88079833984375,160.7896728515625,72.9733657836914,328.7276916503906,160.84059143066406,155.0185546875,149.88604736328125,488.5732116699219,218.03611755371094,46.3165283203125,47.310394287109375,140.7928009033203
2022-01-04,177.6699981689453,213.4652099609375,168.8892364501953,213.6300048828125,208.7969970703125,248.22999572753906,57.95928192138672,112.77684783935547,384.80975341796875,391.8056945800781,200.3407440185547,125.2765121459961,161.79061889648438,157.98556518554688,56.76660919189453,256.8138732910156,163.04222106933594,73.10625457763672,323.0909423828125,162.5205841064453,155.56097412109375,153.013671875,477.5037536621094,219.05035400390625,47.22625732421875,47.684879302978516,138.21348571777344
2022-01-05,172.94398498535156,210.93557739257812,167.08956909179688,213.07000732421875,210.39590454101562,227.6699981689453,57.0413932800293,113.51055908203125,376.4521484375,386.4909973144531,202.3153839111328,125.45803833007812,162.86871337890625,155.0972442626953,57.237388610839844,255.55137634277344,162.372802734375,74.8814697265625,310.6881408691406,158.47686767578125,156.26516723632812,153.7547149658203,476.3268127441406,216.62806701660156,47.712032318115234,48.14853286743164,140.08230590820312
2022-01-06,170.05697631835938,210.9636688232422,168.6206817626953,211.33999633789062,212.54054260253906,229.14999389648438,57.64700698852539,114.4764404296875,374.8467102050781,385.0864562988281,202.08534240722656,122.84395599365234,162.31077575683594,156.7449951171875,56.93608856201172,257.9424133300781,161.02488708496094,74.8340072631836,308.2331237792969,157.29498291015625,154.95193481445312,156.2183074951172,456.8336486816406,216.38186645507812,47.48238754272461,46.757572174072266,139.6929931640625
2022-01-07,170.22503662109375,212.9499053955078,170.0640869140625,215.5,214.6468963623047,228.30999755859375,57.845733642578125,116.12030792236328,375.3944091796875,373.555419921875,206.81105041503906,122.38104248046875,164.50479125976562,158.29806518554688,56.80427169799805,255.42706298828125,162.78895568847656,76.2294921875,308.3902282714844,153.31964111328125,154.86630249023438,159.9811248779297,446.0852355957031,213.63465881347656,48.48352813720703,48.00586700439453,141.0264434814453
2022-01-10,170.24484252929688,215.83560180664062,169.43991088867188,209.30999755859375,212.2054443359375,229.6300048828125,58.4986572265625,116.19461822509766,376.96209716796875,367.7187805175781,204.61595153808594,122.56257629394531,163.69149780273438,158.4495849609375,56.89842987060547,252.8924102783203,160.49114990234375,78.19456481933594,308.6161193847656,146.9414825439453,152.7537078857422,157.8831787109375,452.3105163574219,208.72113037109375,48.152793884277344,47.90779495239258,140.75390625
2022-01-11,173.10218811035156,217.71878051757812,171.039306640625,216.02000427246094,210.5873565673828,234.83999633789062,59.019107818603516,118.85079193115234,380.6261901855469,366.96905517578125,207.34786987304688,120.60200500488281,161.95138549804688,158.61058044433594,56.917266845703125,250.7021942138672,161.9114532470703,77.530029296875,309.3133239746094,146.8047637939453,150.98370361328125,157.01707458496094,456.201416015625,211.0941925048828,47.90250778198242,48.442779541015625,140.3548126220703
2022-01-12,173.54710388183594,217.13787841796875,170.15182495117188,217.4499969482422,212.93310546875,237.8300018310547,58.782535552978516,118.25641632080078,368.594970703125,369.5599365234375,209.2074737548828,121.25552368164062,160.57066345214844,159.5102081298828,57.00199890136719,249.55450439453125,162.3094482421875,77.0838623046875,312.5440979003906,148.67034912109375,151.3167266845703,156.834228515625,460.79254150390625,212.40380859375,47.77737045288086,48.06828689575195,139.6151123046875
2022-01-13,170.24484252929688,216.2853240966797,169.00103759765625,223.89999389648438,217.33729553222656,228.6300048828125,58.19585418701172,117.7641830444336,369.0577087402344,367.26324462890625,210.3385772705078,122.31749725341797,159.5966033935547,159.31134033203125,57.34096145629883,250.02310180664062,163.7568817138672,77.19778442382812,299.3164367675781,146.11123657226562,150.63160705566406,156.9112091064453,454.6742248535156,211.70469665527344,47.83993911743164,48.317935943603516,141.59097290039062
2022-01-14,171.11488342285156,220.51077270507812,164.23207092285156,225.9600067138672,219.19471740722656,231.22999572753906,58.06336975097656,119.770263671875,359.7463073730469,353.0464782714844,208.63233947753906,121.81829833984375,158.72654724121094,149.51950073242188,57.802330017089844,246.4842987060547,161.69430541992188,77.25474548339844,304.61932373046875,144.73406982421875,152.0780487060547,157.06520080566406,455.89984130859375,211.37973022460938,47.62540817260742,48.416019439697266,141.19189453125
2022-01-17,167.88182067871094,219.0773162841797,162.05726623535156,225.00999450683594,220.0851287841797,226.05999755859375,56.52094650268555,120.16032409667969,334.682861328125,348.0354919433594,204.74057006835938,120.66555786132812,158.02674865722656,143.25047302246094,57.34096145629883,245.30789184570312,161.27816772460938,77.4066390991211,297.20513916015625,143.53265380859375,149.14706420898438,157.41163635253906,448.4100036621094,212.40380859375,47.759490966796875,47.720542907714844,138.7196044921875
2022-01-18,167.88182067871094,219.0773162841797,162.05726623535156,225.00999450683594,220.0851287841797,226.05999755859375,56.52094650268555,120.16032409667969,334.682861328125,348.0354919433594,204.74057006835938,120.66555786132812,158.02674865722656,143.25047302246094,57.34096145629883,245.30789184570312,161.27816772460938,77.4066390991211,297.20513916015625,143.53265380859375,149.14706420898438,157.41163635253906,448.4100036621094,212.40380859375,47.759490966796875,47.720542907714844,138.7196044921875
2022-01-19,164.35215759277344,216.70692443847656,157.39556884765625,217.0800018310547,213.25437927246094,226.27000427246094,55.735538482666016,119.72381591796875,327.9967956542969,341.3636474609375,201.99905395507812,119.4311294555664,157.5349884033203,141.03453063964844,57.43511199951172,244.10276794433594,161.45907592773438,77.16930389404297,297.8728942871094,141.73544311523438,154.16209411621094,154.04342651367188,449.8982238769531,211.38958740234375,47.82206726074219,47.72945785522461,140.1017608642578
2022-01-20,162.651611328125,214.45834350585938,156.9372100830078,214.19000244140625,208.4151153564453,222.94000244140625,54.9595947265625,119.29660034179688,328.7333679199219,331.76873779296875,200.26405334472656,118.74129486083984,156.27719116210938,139.83184814453125,57.199729919433594,242.10379028320312,157.01736450195312,76.65667724609375,296.174072265625,139.41078186035156,154.99447631835938,158.9610137939453,450.3651428222656,211.0646514892578,47.7326774597168,47.417388916015625,137.45428466796875
2022-01-21,160.5753173828125,213.352783203125,154.81114196777344,205.44000244140625,205.97142028808594,218.6300048828125,53.63481140136719,117.86634063720703,324.7765197753906,331.313232421875,196.60232543945312,117.40702056884766,155.9178009033203,137.38864135742188,56.917266845703125,243.5001983642578,156.18508911132812,75.92571258544922,290.7042541503906,139.6256866455078,155.587646484375,156.48777770996094,448.5850830078125,202.773681640625,47.51814651489258,46.811065673828125,136.45176696777344
2022-01-24,159.79421997070312,211.8162384033203,154.99642944335938,204.1999969482422,206.2023468017578,223.02999877929688,53.84298324584961,118.11710357666016,324.285400390625,345.27374267578125,195.97923278808594,116.92595672607422,154.12098693847656,137.26551818847656,56.45589828491211,242.56288146972656,156.32080078125,74.8340072631836,291.0381164550781,142.604736328125,154.32476806640625,162.47360229492188,449.6550598144531,198.75625610351562,47.3393669128418,46.70407485961914,136.46151733398438
2022-01-25,157.97500610351562,210.84188842773438,168.82546997070312,204.10000610351562,206.1830596923828,215.38999938964844,53.095436096191406,123.1415786743164,322.5477600097656,340.6898498535156,193.9183349609375,123.5337905883789,158.52793884277344,138.76174926757812,56.324073791503906,239.76051330566406,157.18019104003906,75.43206024169922,283.29986572265625,142.09681701660156,152.6408233642578,162.25225830078125,444.3732604980469,198.90391540527344,47.285743713378906,45.464691162109375,133.49281311035156
2022-01-26,157.88600158691406,208.49957275390625,170.98081970214844,194.27000427246094,206.16383361816406,211.0,52.35734176635742,123.23446655273438,323.6148986816406,339.07647705078125,192.336669921875,121.86367797851562,159.23724365234375,140.0780792236328,56.11692810058594,238.9666748046875,153.15457153320312,75.12828826904297,291.37200927734375,140.64151000976562,151.3109588623047,161.5401153564453,445.9198303222656,202.714599609375,45.60527038574219,44.36798095703125,132.13015747070312
2022-01-27,157.4213409423828,209.8675079345703,167.64544677734375,189.75,204.1242218017578,212.74000549316406,51.685482025146484,125.72346496582031,322.0566711425781,338.2697448730469,192.336669921875,120.28433227539062,161.32725524902344,137.60641479492188,56.16401672363281,237.905029296875,153.9325714111328,76.49530029296875,294.4456787109375,141.27638244628906,152.24859619140625,159.4229278564453,449.00335693359375,202.99032592773438,45.757225036621094,44.58197021484375,132.21774291992188
2022-01-28,168.4058380126953,214.68321228027344,172.67774963378906,190.57000732421875,193.53175354003906,222.1300048828125,52.62229537963867,121.30266571044922,327.7040100097656,347.86468505859375,193.62118530273438,122.08150482177734,162.46206665039062,138.83750915527344,57.28446578979492,244.9348602294922,147.5458526611328,76.799072265625,302.7142639160156,142.51686096191406,153.55935668945312,160.5392608642578,453.34161376953125,224.5054473876953,47.285743713378906,44.992130279541016,133.8529510498047
2022-01-31,172.80557250976562,212.80938720703125,175.3694305419922,200.24000549316406,193.91656494140625,232.6300048828125,52.67906951904297,121.97137451171875,334.9472961425781,348.28228759765625,196.00799560546875,121.23738098144531,162.93492126464844,140.72203063964844,57.44453048706055,248.1485137939453,150.1873779296875,77.34968566894531,305.3852844238281,144.6266326904297,153.51148986816406,159.92335510253906,459.6739807128906,222.70347595214844,47.580718994140625,44.36798095703125,136.08189392089844
2022-02-01,172.63751220703125,214.2522430419922,178.99734497070312,208.33999633789062,197.5628662109375,232.1199951171875,52.39518356323242,125.18482208251953,343.805419921875,349.9146728515625,196.83238220214844,123.01641082763672,161.60150146484375,143.1368408203125,57.02082824707031,247.7085418701172,151.46287536621094,77.76736450195312,303.2052307128906,144.77313232421875,152.8322296142578,161.66522216796875,455.62750244140625,228.79861450195312,47.55390167236328,44.35905838012695,137.152587890625
2022-02-02,173.85357666015625,214.48643493652344,179.6020050048828,207.52000427246094,197.1684112548828,225.00999450683594,53.15220260620117,125.7606430053711,342.86102294921875,354.6883239746094,198.95082092285156,124.57760620117188,163.3888702392578,141.99099731445312,57.60459899902344,250.855224609375,150.76632690429688,77.85281372070312,307.8206787109375,145.25173950195312,155.5685272216797,166.2171630859375,466.6872253417969,231.8116912841797,48.09022521972656,44.94754409790039,137.09417724609375
2022-02-03,170.9468231201172,209.9049835205078,179.48495483398438,206.38999938964844,192.9833526611328,212.77000427246094,52.23432540893555,124.63687133789062,338.9136962890625,346.2228088378906,183.79586791992188,125.05865478515625,163.37940979003906,140.81674194335938,58.00946807861328,249.2866973876953,148.7128143310547,75.00487518310547,295.83038330078125,141.93080139160156,157.0419464111328,165.5916290283203,475.4318542480469,227.99118041992188,48.0812873840332,44.13615417480469,137.2304229736328
2022-02-04,170.6597137451172,208.0967254638672,181.2501983642578,206.4499969482422,190.8860321044922,219.22999572753906,52.18701171875,126.19712829589844,347.14849853515625,341.3446960449219,183.5657958984375,124.48684692382812,162.31077575683594,144.47207641601562,57.3974494934082,248.73191833496094,145.40182495117188,74.57768249511719,300.43597412109375,142.00894165039062,154.5447998046875,165.42800903320312,469.9847106933594,224.8894500732422,47.6522331237793,43.333675384521484,135.61468505859375
2022-02-07,169.93702697753906,209.42713928222656,183.22018432617188,211.9199981689453,192.24256896972656,216.97000122070312,52.2059326171875,128.67686462402344,347.6678466796875,339.1429138183594,184.5052032470703,124.56854248046875,161.771728515625,144.95504760742188,58.00004959106445,248.53111267089844,145.7998809814453,73.64737701416016,295.5357360839844,141.76475524902344,153.3871307373047,164.87945556640625,470.500244140625,223.67831420898438,47.375125885009766,43.77058410644531,134.28121948242188
2022-02-08,173.0752410888672,225.80430603027344,189.19845581054688,213.27000427246094,193.85887145996094,217.42999267578125,52.366798400878906,126.71722412109375,349.5093994140625,343.0245056152344,186.49900817871094,124.36885070800781,162.197265625,147.68235778808594,58.376678466796875,248.75106811523438,146.92164611816406,73.0113296508789,299.0807800292969,140.1921844482422,153.04269409179688,166.0054168701172,479.94525146484375,224.4463653564453,47.214229583740234,44.39472579956055,134.3104248046875
2022-02-09,174.5106658935547,222.22532653808594,191.5390625,215.86000061035156,195.87924194335938,222.0399932861328,53.26576232910156,127.97102355957031,353.69293212890625,345.8052673339844,188.4736785888672,125.06774139404297,162.17837524414062,148.2979278564453,57.472782135009766,248.54063415527344,148.03433227539062,72.65058135986328,305.61114501953125,142.85870361328125,152.69825744628906,166.2267608642578,484.5072326660156,227.33140563964844,47.82206726074219,44.57305908203125,134.01841735839844
2022-02-10,170.39242553710938,214.38340759277344,190.67108154296875,218.75,195.36932373046875,217.6699981689453,51.92205047607422,126.34573364257812,349.9532470703125,336.9980773925781,183.80543518066406,122.6518325805664,160.2207489013672,147.68235778808594,57.79290771484375,245.68089294433594,144.50625610351562,72.67906951904297,296.9400329589844,141.45220947265625,150.3733367919922,165.9380340576172,473.4378356933594,222.49375915527344,47.410888671875,43.88649368286133,132.4513702392578
2022-02-11,166.94735717773438,213.80252075195312,187.0626678466797,212.3000030517578,193.60873413085938,207.89999389648438,51.00416946411133,128.91835021972656,342.86102294921875,332.4425964355469,179.24266052246094,121.8893814086914,158.60362243652344,145.75997924804688,56.76660919189453,244.04537963867188,144.32533264160156,72.75501251220703,289.7320861816406,136.92007446289062,149.53140258789062,165.29327392578125,465.082275390625,221.60614013671875,47.66116714477539,43.42284393310547,131.72137451171875
2022-02-14,167.1849365234375,211.92205810546875,187.5893096923828,210.0399932861328,192.30990600585938,206.39999389648438,50.32284927368164,126.93082427978516,340.19793701171875,333.64794921875,178.955078125,119.55611419677734,156.6082000732422,144.4058074951172,57.13381576538086,242.35247802734375,142.9412384033203,72.59362030029297,289.6927795410156,138.29730224609375,149.96194458007812,164.34054565429688,461.4540100097656,222.24717712402344,47.61647033691406,42.22804641723633,130.37815856933594
2022-02-15,171.0557098388672,211.61024475097656,193.0799560546875,217.72999572753906,195.69644165039062,214.25,51.354286193847656,126.0017318725586,343.6921081542969,335.2613220214844,181.6774139404297,119.36323547363281,158.22532653808594,146.517578125,57.350372314453125,242.75416564941406,142.3351593017578,73.8656997680664,295.06439208984375,142.1945037841797,150.03846740722656,165.13931274414062,465.1794738769531,224.69317626953125,47.696922302246094,43.066184997558594,130.78695678710938
2022-02-16,170.81813049316406,210.40072631835938,193.47007751464844,218.92999267578125,195.91769409179688,211.74000549316406,51.335357666015625,126.0392837524414,340.0185241699219,332.2528076171875,181.22686767578125,118.66508483886719,158.13076782226562,146.78269958496094,57.34096145629883,242.06553649902344,140.7882080078125,73.30561065673828,294.719970703125,143.08335876464844,151.177001953125,165.78408813476562,466.9497985839844,225.67945861816406,47.7326774597168,42.69169616699219,129.9693603515625
2022-02-17,167.1849365234375,209.47467041015625,190.8661651611328,213.5800018310547,187.355224609375,200.02999877929688,52.773704528808594,125.39170837402344,329.63995361328125,330.21234130859375,176.94207763671875,114.79776763916016,157.1661376953125,143.4019775390625,58.48965835571289,239.99961853027344,135.7646484375,72.48921966552734,286.08990478515625,139.4791717529297,152.90875244140625,164.16734313964844,457.50482177734375,221.5272216796875,47.893577575683594,42.158531188964844,135.1767120361328
2022-02-18,165.62083435058594,208.6147918701172,190.05667114257812,209.02999877929688,184.67100524902344,196.83999633789062,54.13633346557617,125.21339416503906,326.7879638671875,329.1968688964844,174.583984375,114.22823333740234,155.48150634765625,144.07432556152344,58.8851203918457,239.6840057373047,134.83297729492188,72.49870300292969,283.3345947265625,139.6256866455078,152.98529052734375,164.20582580566406,455.04388427734375,219.6335906982422,48.117042541503906,41.978397369384766,134.3104248046875
2022-02-21,162.67074584960938,209.2195587158203,187.67709350585938,198.74000549316406,183.95907592773438,195.1300048828125,53.27522277832031,124.25614166259766,325.116455078125,300.06103515625,174.99618530273438,113.83322143554688,153.36859130859375,143.81866455078125,58.64030838012695,241.69252014160156,134.03836059570312,72.09998321533203,283.1279602050781,134.9763641357422,151.10047912597656,164.63890075683594,449.8885192871094,218.2823944091797,48.17961120605469,41.2398796081543,132.8114776611328
2022-02-22,162.67074584960938,209.2195587158203,187.67709350585938,198.74000549316406,183.95907592773438,195.1300048828125,53.27522277832031,124.25614166259766,325.116455078125,300.06103515625,174.99618530273438,113.83322143554688,153.36859130859375,143.81866455078125,58.64030838012695,241.69252014160156,134.03836059570312,72.09998321533203,283.1279602050781,134.9763641357422,151.10047912597656,164.63890075683594,449.8885192871094,218.2823944091797,48.17961120605469,41.2398796081543,132.8114776611328
2022-02-23,158.46337890625,208.83209228515625,184.27346801757812,196.4199981689453,179.5912322998047,190.5399932861328,51.51515579223633,127.2123794555664,322.2077941894531,292.734375,171.5453643798828,112.13381958007812,153.44471740722656,140.80722045898438,57.99063491821289,236.99639892578125,131.8736572265625,71.99556732177734,275.796875,133.6479949951172,149.21566772460938,163.7342529296875,447.07733154296875,212.98606872558594,47.741607666015625,40.94266891479492,131.44882202148438
2022-02-24,161.10658264160156,207.19737243652344,183.68832397460938,198.42999267578125,177.68630981445312,204.2899932861328,51.789573669433594,126.55543518066406,321.26348876953125,297.28033447265625,175.74771118164062,112.04196166992188,150.5132598876953,136.88673400878906,56.97374725341797,234.35662841796875,131.25253295898438,69.7836685180664,289.8883361816406,133.98008728027344,145.19728088378906,160.2313232421875,443.44915771484375,214.31756591796875,47.008644104003906,40.77156066894531,130.94268798828125
2022-02-25,163.19540405273438,214.53012084960938,188.9156494140625,201.47999572753906,179.96644592285156,208.08999633789062,53.02919006347656,131.7453155517578,330.6409606933594,300.5166015625,181.74282836914062,114.07207489013672,157.99420166015625,140.1254119873047,59.17699432373047,238.58407592773438,137.47262573242188,72.45124053955078,292.5649108886719,135.5721893310547,151.39706420898438,166.91001892089844,462.7671813964844,216.260498046875,48.37626266479492,41.60913848876953,132.7433624267578
2022-02-28,163.4626922607422,214.0103759765625,189.72511291503906,205.33999633789062,180.46670532226562,210.52999877929688,52.773704528808594,135.1426239013672,322.3022155761719,299.7383728027344,182.8898162841797,112.53800201416016,156.63316345214844,134.28250122070312,58.602657318115234,235.41029357910156,135.7737579345703,72.69805908203125,294.02130126953125,133.37451171875,149.14869689941406,165.3606414794922,462.8838806152344,213.1537322998047,47.97401809692383,41.51007080078125,131.55587768554688
2022-03-01,161.5619659423828,212.81031799316406,173.65296936035156,194.91000366210938,175.89683532714844,208.88999938964844,51.685482025146484,140.5107879638672,311.7674560546875,303.93316650390625,176.96218872070312,111.47242736816406,156.09063720703125,129.2161407470703,58.34843063354492,230.46682739257812,132.2115936279297,72.47023010253906,290.24261474609375,129.1452178955078,146.68026733398438,161.50161743164062,463.2535095214844,206.1018524169922,47.92039108276367,40.53738784790039,132.36375427246094
2022-03-02,164.88824462890625,216.0041961669922,175.84730529785156,197.80999755859375,185.3059844970703,210.38999938964844,53.13328170776367,144.658935546875,319.5379638671875,310.6904296875,179.69947814941406,113.77811431884766,158.03225708007812,131.8961181640625,58.78154373168945,231.7267303466797,134.46766662597656,72.78349304199219,295.3989562988281,132.5247344970703,147.13951110839844,167.1409912109375,472.1343994140625,205.61862182617188,48.394142150878906,41.564109802246094,132.5292510986328
2022-03-03,164.56155395507812,219.83120727539062,175.4376983642578,188.85000610351562,187.46102905273438,204.75,53.057579040527344,146.61099243164062,316.7261047363281,307.833740234375,180.7404327392578,115.67963409423828,160.35458374023438,130.95858764648438,58.819210052490234,227.6007843017578,135.4541015625,73.23918151855469,291.19708251953125,130.85450744628906,147.6848602294922,167.0640106201172,473.31134033203125,204.38577270507812,48.858951568603516,42.07746505737305,135.57574462890625
2022-03-04,161.53225708007812,220.0863800048828,168.66944885253906,180.83999633789062,188.24032592773438,203.00999450683594,53.47393798828125,148.89151000976562,313.1639099121094,307.73883056640625,180.6536865234375,116.31346130371094,161.3063507080078,127.27481079101562,58.91336441040039,226.79287719726562,134.0200653076172,73.88470458984375,285.2337951660156,128.4217529296875,148.43112182617188,166.87155151367188,485.0422668457031,197.541015625,49.26119613647461,42.97809982299805,139.01162719726562
2022-03-07,157.70111083984375,221.45652770996094,155.1915283203125,169.1699981689453,189.24087524414062,196.22999572753906,52.603370666503906,152.072998046875,305.7734069824219,306.32470703125,175.57423400878906,115.80824279785156,163.90469360351562,122.35997772216797,57.510440826416016,215.7518768310547,130.86891174316406,73.7897720336914,274.4585876464844,121.82347869873047,146.23056030273438,163.39744567871094,473.583740234375,188.0826416015625,48.8768310546875,42.320640563964844,137.8922882080078
2022-03-08,155.8597869873047,218.3760223388672,156.0887451171875,173.8000030517578,202.03652954101562,192.0800018310547,51.4773063659668,160.04078674316406,305.2794494628906,300.6020202636719,176.61517333984375,115.4499740600586,160.5830078125,121.49822235107422,55.231868743896484,214.27076721191406,132.80528259277344,73.0492935180664,271.4474182128906,118.66139221191406,140.4422149658203,162.10789489746094,460.5397033691406,189.07876586914062,47.598594665527344,42.75294494628906,135.04043579101562
2022-03-09,161.31446838378906,218.71620178222656,164.4758758544922,178.55999755859375,201.82484436035156,203.16000366210938,52.9156379699707,156.04283142089844,316.88763427734375,302.85528564453125,178.69708251953125,115.9460220336914,161.192138671875,126.36571502685547,55.51433181762695,213.96299743652344,133.90133666992188,73.84672546386719,283.8955078125,124.28070068359375,142.3365936279297,165.7840576171875,472.3192138671875,197.01828002929688,47.44663619995117,43.338348388671875,135.74124145507812
2022-03-10,156.92893981933594,214.4545135498047,165.40237426757812,178.38999938964844,203.7586212158203,200.14999389648438,51.77064514160156,160.3129425048828,313.38238525390625,303.5617980957031,177.69468688964844,114.22823333740234,161.47767639160156,124.86947631835938,54.4974479675293,213.51097106933594,131.46261596679688,73.941650390625,281.031982421875,123.38005065917969,138.67222595214844,166.2870635986328,478.0290222167969,195.2528533935547,47.580718994140625,43.29331588745117,138.82669067382812
2022-03-11,153.17698669433594,216.2499237060547,163.74447631835938,176.22999572753906,206.68336486816406,197.89999389648438,51.75171661376953,160.3880157470703,310.6275634765625,302.46380615234375,175.65135192871094,113.8699722290039,161.18264770507812,122.05693817138672,54.53511428833008,218.19476318359375,128.74989318847656,74.29289245605469,275.6000671386719,120.05152893066406,137.02658081054688,168.0670928955078,471.0827941894531,194.01014709472656,47.410888671875,42.725921630859375,138.28164672851562
2022-03-14,149.10821533203125,216.590087890625,168.51341247558594,175.52000427246094,207.27024841308594,193.1199951171875,51.3826789855957,156.4651336669922,308.708740234375,303.9627990722656,176.5766143798828,113.85161590576172,163.4097900390625,123.26908111572266,55.540809631347656,217.53114318847656,131.05160522460938,74.4940185546875,272.02801513671875,115.0979232788086,138.7774658203125,171.4046630859375,476.0095520019531,197.58047485351562,46.928192138671875,43.14921951293945,140.20883178710938
2022-03-15,153.5333709716797,218.81069946289062,171.6829833984375,179.88999938964844,208.25157165527344,196.13999938964844,52.61282730102539,148.5442657470703,312.6794128417969,313.6824645996094,181.0006561279297,115.41322326660156,167.64515686035156,125.45661163330078,56.56547164916992,223.6768035888672,131.8096923828125,75.31768798828125,282.5670471191406,116.88945007324219,143.77171325683594,174.31654357910156,485.75567626953125,203.3107147216797,47.16059494018555,43.38337707519531,141.89268493652344
2022-03-16,157.98818969726562,218.9146270751953,176.13987731933594,188.99000549316406,207.88597106933594,205.57000732421875,52.811553955078125,148.0093536376953,323.6986389160156,315.9452819824219,184.12353515625,116.69927978515625,166.10328674316406,131.06277465820312,56.41366958618164,229.03379821777344,132.90576171875,74.81965637207031,289.6915283203125,122.5577163696289,143.28375244140625,173.4458770751953,486.0971374511719,208.96205139160156,46.919254302978516,42.6718864440918,141.47418212890625
2022-03-17,159.0078582763672,222.8739471435547,182.3424835205078,190.19000244140625,213.2928466796875,210.41000366210938,53.15220260620117,150.5714111328125,326.0829162597656,321.1487731933594,184.9910125732422,117.54438018798828,168.27333068847656,132.71998596191406,57.01139450073242,228.38943481445312,134.89691162109375,75.60501861572266,290.5082702636719,124.73103332519531,143.73345947265625,175.12916564941406,494.6432800292969,210.5203857421875,46.80305480957031,42.76194381713867,141.6891326904297
2022-03-18,162.33413696289062,223.2424774169922,185.99966430664062,192.8300018310547,212.53280639648438,218.8000030517578,52.96295928955078,151.78204345703125,328.08734130859375,325.3307189941406,187.6800994873047,118.27926635742188,166.40785217285156,132.6726531982422,57.020877838134766,229.7839813232422,135.4723663330078,75.76782989501953,295.6351623535156,128.48049926757812,143.65689086914062,174.43263244628906,493.7652282714844,216.10272216796875,45.40861129760742,42.65386962890625,142.1092987060547
2022-03-21,163.72007751464844,223.3086395263672,184.4099884033203,185.89999389648438,215.22662353515625,213.72000122070312,52.99134063720703,154.51309204101562,322.0267639160156,314.474853515625,186.04159545898438,117.67300415039062,167.35011291503906,132.24649047851562,57.47629165649414,226.32164001464844,135.70985412597656,75.7199478149414,294.38543701171875,127.45258331298828,144.2022705078125,176.58995056152344,495.2676696777344,214.06112670898438,45.6767692565918,42.6718864440918,140.92698669433594
2022-03-22,167.1255645751953,223.4503631591797,186.5945587158203,191.0399932861328,214.2645263671875,218.2100067138672,53.15220260620117,153.99688720703125,325.83599853515625,314.8186340332031,187.97891235351562,118.55484771728516,166.5601348876953,135.05905151367188,57.68501663208008,229.0145721435547,136.95201110839844,75.9498062133789,299.2071838378906,130.29159545898438,145.31210327148438,176.74472045898438,492.98480224609375,215.47149658203125,45.58739471435547,42.7169189453125,140.5068359375
2022-03-23,168.50160217285156,221.2864227294922,181.41598510742188,186.0399932861328,213.74501037597656,211.11000061035156,51.553001403808594,155.65802001953125,318.80645751953125,302.7120666503906,185.38616943359375,117.85671997070312,165.9319610595703,132.36959838867188,57.305511474609375,227.09103393554688,134.8877716064453,76.36164093017578,294.7101135253906,130.2034912109375,144.29794311523438,175.69992065429688,490.94580078125,211.73350524902344,45.560569763183594,42.095481872558594,138.69920349121094
2022-03-24,172.3228759765625,223.82830810546875,184.2149200439453,189.0500030517578,213.78350830078125,213.97999572753906,51.571929931640625,156.0709686279297,319.3954162597656,301.49945068359375,187.6512451171875,118.7293930053711,166.78857421875,133.2313690185547,57.855796813964844,231.07273864746094,136.0751953125,77.0129165649414,299.24658203125,129.30284118652344,144.5467071533203,178.2151641845703,500.92608642578125,214.327392578125,45.58739471435547,42.34765625,139.55906677246094
2022-03-25,172.96633911132812,225.64260864257812,185.57054138183594,188.9499969482422,214.889892578125,211.02999877929688,52.01668930053711,158.8958282470703,320.59234619140625,296.6300964355469,190.63914489746094,120.6584701538086,168.38754272460938,134.3961639404297,58.377620697021484,232.34225463867188,137.427001953125,77.90362548828125,298.833251953125,130.88876342773438,146.22103881835938,181.630126953125,500.5066223144531,215.43202209472656,45.83767318725586,42.43771743774414,140.16485595703125
2022-03-28,173.8375244140625,227.23011779785156,185.0048828125,188.16000366210938,213.43716430664062,215.27999877929688,52.17753982543945,156.117919921875,318.5119934082031,300.06732177734375,189.9837188720703,120.76869201660156,169.25364685058594,133.4018096923828,58.74763488769531,233.6502685546875,136.52273559570312,77.77912139892578,305.7412109375,131.97543334960938,147.22560119628906,180.67237854003906,500.6724548339844,217.73992919921875,45.73934555053711,42.50075912475586,142.6564483642578
2022-03-29,177.16378784179688,228.2412109375,186.2141876220703,193.8000030517578,212.6578826904297,221.2899932861328,52.67906951904297,154.2127685546875,322.65374755859375,303.3421936035156,190.39817810058594,121.20043182373047,169.1680145263672,133.69537353515625,58.975337982177734,238.68026733398438,138.9066619873047,78.1239013671875,310.37603759765625,136.2144012451172,148.7373046875,177.8185272216797,498.2627258300781,224.98902893066406,45.810855865478516,43.06815719604492,143.85826110839844
2022-03-30,175.9857177734375,229.21450805664062,185.06341552734375,194.91000366210938,214.6205291748047,214.94000244140625,53.03865432739258,155.30140686035156,318.7874450683594,294.510498046875,189.434326171875,121.37496185302734,170.9287872314453,133.08929443359375,59.02278518676758,239.5074005126953,138.31295776367188,78.91883850097656,308.85076904296875,135.6269989013672,147.7135467529297,179.5018310546875,508.1064147949219,220.8762664794922,46.13264846801758,42.743934631347656,146.43780517578125
2022-03-31,172.85745239257812,228.50579833984375,182.37171936035156,191.5,214.37039184570312,212.32000732421875,52.76423645019531,152.81442260742188,313.5723571777344,285.79339599609375,187.54519653320312,119.43670654296875,168.6825714111328,129.09304809570312,58.82353973388672,237.82431030273438,135.9838409423828,78.5836410522461,303.3893737792969,131.73069763183594,146.19232177734375,176.77374267578125,497.52130126953125,218.72621154785156,45.533756256103516,40.32123947143555,145.5095977783203
2022-04-01,172.5604705810547,229.73422241210938,182.53749084472656,190.75999450683594,211.43603515625,212.25,52.669612884521484,154.11891174316406,313.68634033203125,288.23760986328125,188.94277954101562,119.55611419677734,169.59629821777344,128.13656616210938,59.648963928222656,239.71896362304688,136.7236785888672,79.99151611328125,304.48162841796875,130.7125701904297,148.38330078125,179.2115936279297,500.07733154296875,223.25320434570312,46.58851623535156,39.50166702270508,147.55172729492188
2022-04-04,176.6490020751953,231.38787841796875,183.01539611816406,191.17999267578125,212.43658447265625,218.85000610351562,52.86832809448242,154.25967407226562,311.7770080566406,291.7607421875,188.98133850097656,119.6663589477539,167.95924377441406,128.70477294921875,59.335872650146484,237.39149475097656,136.57752990722656,79.9627914428711,309.94305419921875,131.51531982421875,147.41696166992188,175.89341735839844,497.5700378417969,224.61428833007812,46.89243698120117,39.087371826171875,147.58103942871094
2022-04-05,173.30291748046875,231.09495544433594,180.81129455566406,182.64999389648438,207.82823181152344,210.13999938964844,52.325252532958984,153.31179809570312,307.7397766113281,291.0733642578125,186.62954711914062,118.39868927001953,169.0442657470703,127.20696258544922,59.26945495605469,239.00726318359375,136.00209045410156,80.18307495117188,305.9183654785156,129.51821899414062,147.93360900878906,175.4774169921875,505.12115478515625,222.98690795898438,47.1784782409668,39.16843032836914,148.001220703125
2022-04-06,170.1053466796875,236.1692657470703,179.1631622314453,178.72000122070312,208.01104736328125,200.82000732421875,51.801239013671875,154.672607421875,300.42529296875,285.03912353515625,186.61988830566406,118.85798645019531,173.44143676757812,125.44207763671875,59.8671875,241.844482421875,137.2808380126953,81.3802719116211,294.719970703125,125.66104888916016,150.04803466796875,176.62864685058594,518.76953125,216.00404357910156,47.55390167236328,39.90694808959961,151.44058227539062
2022-04-07,170.41221618652344,237.78512573242188,178.3807373046875,177.97000122070312,207.71278381347656,200.16000366210938,52.04895782470703,156.82176208496094,298.4209289550781,289.05877685546875,185.733154296875,118.08637237548828,172.9940948486328,125.06048583984375,60.189762115478516,244.63356018066406,136.96116638183594,83.1329574584961,296.56011962890625,126.65962982177734,151.99026489257812,176.15460205078125,523.8426513671875,213.18331909179688,47.65342712402344,40.62744903564453,152.955078125
2022-04-08,168.38278198242188,238.1442108154297,179.6619415283203,175.1999969482422,208.79994201660156,197.1699981689453,51.715492248535156,159.47767639160156,305.2984619140625,297.0406494140625,183.28500366210938,117.3331069946289,173.33676147460938,127.35009765625,60.559783935546875,241.844482421875,136.83326721191406,83.97578430175781,292.2303161621094,125.45545959472656,153.1766357421875,178.83432006835938,532.6326904296875,214.00192260742188,48.431514739990234,40.906646728515625,153.80514526367188
2022-04-11,164.0863800048828,237.05751037597656,173.66671752929688,175.02999877929688,207.85711669921875,195.4499969482422,50.38163757324219,155.37648010253906,304.70001220703125,292.8492431640625,182.42718505859375,116.08380889892578,171.16671752929688,126.88262176513672,60.54080581665039,240.87306213378906,137.11642456054688,82.97013854980469,280.70721435546875,122.35213470458984,152.593017578125,179.58888244628906,524.3207397460938,211.8025360107422,48.766273498535156,40.0150260925293,150.756591796875
2022-04-12,165.97718811035156,236.27320861816406,171.68130493164062,176.27999877929688,208.48245239257812,194.80999755859375,49.3717155456543,158.61427307128906,303.76904296875,292.43865966796875,184.0850067138672,115.7255630493164,171.2238311767578,125.48977661132812,61.25238037109375,239.64202880859375,135.70985412597656,82.01238250732422,277.5583190917969,122.4108657836914,152.1337432861328,178.91171264648438,520.6818237304688,208.49851989746094,48.55817794799805,39.83489990234375,149.7208709716797
2022-04-13,168.689697265625,239.5521697998047,175.6422882080078,182.8699951171875,209.992919921875,195.72000122070312,49.686126708984375,161.11065673828125,305.8493957519531,296.38189697265625,187.80543518066406,115.87252807617188,171.94715881347656,121.44480895996094,61.41367721557617,241.7194366455078,135.7828826904297,82.49126434326172,283.0295715332031,124.80933380126953,152.56431579589844,177.7218017578125,523.8914184570312,210.3428497314453,48.98341751098633,40.16812515258789,153.6195068359375
2022-04-14,163.6309814453125,240.0341033935547,177.1777801513672,181.94000244140625,219.171142578125,189.41000366210938,48.75242233276367,161.0355682373047,305.5359802246094,290.7486877441406,188.13314819335938,116.25833892822266,171.2238311767578,120.31907653808594,61.68880844116211,240.93080139160156,134.61378479003906,83.23831176757812,275.3638916015625,130.65383911132812,151.7128143310547,178.23452758789062,521.7645874023438,209.86944580078125,48.70294189453125,40.35726547241211,153.4827117919922
2022-04-15,163.6309814453125,240.0341033935547,177.1777801513672,181.94000244140625,219.171142578125,189.41000366210938,48.75242233276367,161.0355682373047,305.5359802246094,290.7486877441406,188.13314819335938,116.25833892822266,171.2238311767578,120.31907653808594,61.68880844116211,240.93080139160156,134.61378479003906,83.23831176757812,275.3638916015625,130.65383911132812,151.7128143310547,178.23452758789062,521.7645874023438,209.86944580078125,48.70294189453125,40.35726547241211,153.4827117919922
